{"obj_type":1,"obj_id":22999,"parent_id":6648,"title":"Ex4 - Get all Transactions >100","description":"","status":"active","params":[{"name":"depositAccountId","type":"string","descr":"","flags":["required","input"],"regex":"","regex_error_text":""}],"ref_mask":true,"conv_type":"process","scheme":{"nodes":[{"id":"623c96068b4b74107002ed95","obj_type":0,"condition":{"logics":[{"type":"api_rpc_reply","res_data":{"transactions":"{{transactions}}"},"res_data_type":{"transactions":"array"},"mode":"key_value","throw_exception":false},{"type":"go","to_node_id":"623c961cd756635e43000188"}],"semaphors":[]},"title":"","description":"","x":536,"y":484,"uuid":"85341452-b470-4f69-b140-3382d36e50cf","extra":"{\"modeForm\":\"expand\",\"icon\":\"\"}","options":null},{"id":"623c961cd756635e43000188","obj_type":2,"condition":{"logics":[],"semaphors":[]},"title":"Final","description":"","x":472,"y":512,"uuid":"a243e970-f39d-4171-aaee-f3e65509a4c6","extra":"{\"modeForm\":\"collapse\",\"icon\":\"success\"}","options":null},{"id":"623c35a8d756632d0c033f93","obj_type":3,"condition":{"logics":[{"type":"go_if_const","to_node_id":"623c35a88b4b74107002eb56","conditions":[{"param":"__conveyor_copy_task_result__","const":"access_denied","fun":"eq","cast":"string"}]},{"type":"go","to_node_id":"623c35a8d756632d0c033f91"}],"semaphors":[]},"title":"","description":"","x":700,"y":220,"uuid":"77096612-93de-4f8e-b061-8d217baa10f5","extra":"{\"modeForm\":\"collapse\",\"icon\":\"\"}","options":null},{"id":"623c35a88b4b74107002eb56","obj_type":0,"condition":{"logics":[],"semaphors":[{"type":"time","value":30,"dimension":"sec","to_node_id":"623c35a8d756632d0c033f95"}]},"title":"","description":"","x":700,"y":144,"uuid":"7dfe814e-b280-4cbc-b526-4ae7ff602df5","extra":"{\"modeForm\":\"collapse\",\"icon\":\"\"}","options":null},{"id":"623c35a8d756632d0c033f95","obj_type":0,"condition":{"logics":[{"type":"api","err_node_id":"623c35a8d756632d0c033f93","format":"","method":"GET","url":"https://{{config.url}}/api/deposits/{{depositAccountId}}/transactions","extra":{},"extra_type":{},"max_threads":5,"debug_info":false,"customize_response":false,"response":{},"response_type":{},"extra_headers":{"Accept":"application/vnd.mambu.v2+json","Authorization":"Basic {{config.basicAuthHeader}}"},"send_sys":false,"cert_pem":"","content_type":"application/json","is_migrate":true},{"type":"go","to_node_id":"623c35a88b4b74107002eb5f"}],"semaphors":[]},"title":"Get all transactions by depositAccount","description":"","x":780,"y":144,"uuid":"902c8859-84ee-459b-acf9-36348b26ec54","extra":"{\"modeForm\":\"expand\",\"icon\":\"\"}","options":null},{"id":"623c35a8d756632d0c033f92","obj_type":0,"condition":{"logics":[{"to_node_id":"623c35a8d756632d0c033f90","type":"go_if_const","conditions":[{"param":"{{i}}","const":"{{length}}","fun":"less","cast":"number"}]},{"type":"go","to_node_id":"623c96068b4b74107002ed95"}],"semaphors":[]},"title":"","description":"","x":780,"y":484,"uuid":"9efb50f9-62ad-42a9-ae0d-09b864961264","extra":"{\"modeForm\":\"expand\",\"icon\":\"\"}","options":null},{"id":"623c35a88b4b74107002eb55","obj_type":0,"condition":{"logics":[],"semaphors":[{"type":"time","value":30,"dimension":"sec","to_node_id":"623c35a88b4b74107002eb5f"}]},"title":"","description":"","x":1008,"y":320,"uuid":"eb896ee3-05c3-4463-a3ea-4779e26016ee","extra":"{\"modeForm\":\"collapse\",\"icon\":\"\"}","options":null},{"id":"623c35a88b4b74107002eb58","obj_type":3,"condition":{"logics":[{"type":"go_if_const","to_node_id":"623c35a88b4b74107002eb55","conditions":[{"fun":"eq","const":"hardware","param":"__conveyor_code_return_type_error__","cast":"string"}]},{"type":"go_if_const","to_node_id":"623c35a88b4b74107002eb57","conditions":[{"fun":"eq","const":"software","param":"__conveyor_code_return_type_error__","cast":"string"}]},{"type":"go","to_node_id":"623c35a88b4b74107002eb57"}],"semaphors":[]},"title":"","description":"","x":1008,"y":384,"uuid":"17f6c302-4c0f-44d1-9d12-cd9b49ba88e6","extra":"{\"modeForm\":\"collapse\",\"icon\":\"\"}","options":null},{"id":"623c35a88b4b74107002eb5e","obj_type":3,"condition":{"logics":[{"type":"go_if_const","to_node_id":"623c35a88b4b74107002eb54","conditions":[{"fun":"eq","const":"crash_api","param":"__conveyor_copy_task_result__","cast":"string"}]},{"type":"go_if_const","to_node_id":"623c35a88b4b74107002eb54","conditions":[{"fun":"eq","const":"rpc_task_fatal_error","param":"__conveyor_rpc_return_type_tag__","cast":"string"}]},{"type":"go_if_const","to_node_id":"623c35a8d756632d0c033f96","conditions":[{"fun":"eq","const":"access_denied","param":"__conveyor_copy_task_result__","cast":"string"}]},{"type":"go_if_const","to_node_id":"623c35a8d756632d0c033f96","conditions":[{"fun":"eq","const":"rpc_reply_exception","param":"__conveyor_rpc_reply_return_type_tag__","cast":"string"}]},{"type":"go","to_node_id":"623c35a8d756632d0c033f96"}],"semaphors":[]},"title":"","description":"","x":1004,"y":56,"uuid":"227018ff-ea51-450f-b970-e4bcd6663ed3","extra":"{\"modeForm\":\"collapse\",\"icon\":\"\"}","options":null},{"id":"623c38848b4b74107002eba6","obj_type":0,"condition":{"logics":[{"type":"api_code","err_node_id":"623c38848b4b74107002eba9","lang":"js","src":"data.transactions = data.transactions.concat(data.__conveyor_api_array__[data.i]);"},{"type":"go","to_node_id":"623c35a8d756632d0c033f97"}],"semaphors":[]},"title":"Concatenate tnx >100","description":"","x":1320,"y":536,"uuid":"a85c4ac0-fa11-4473-96ca-75733691e220","extra":"{\"modeForm\":\"expand\",\"icon\":\"\"}","options":null},{"id":"623c38848b4b74107002eba7","obj_type":0,"condition":{"logics":[],"semaphors":[{"type":"time","value":30,"dimension":"sec","to_node_id":"623c38848b4b74107002eba6"}]},"title":"","description":"","x":1544,"y":536,"uuid":"50d013ce-0942-4768-9928-6f6cd78d2482","extra":"{\"modeForm\":\"collapse\",\"icon\":\"\"}","options":null},{"id":"623c38848b4b74107002eba9","obj_type":3,"condition":{"logics":[{"type":"go_if_const","to_node_id":"623c38848b4b74107002eba7","conditions":[{"fun":"eq","const":"hardware","param":"__conveyor_code_return_type_error__","cast":"string"}]},{"type":"go_if_const","to_node_id":"623c38848b4b74107002eba8","conditions":[{"fun":"eq","const":"software","param":"__conveyor_code_return_type_error__","cast":"string"}]},{"type":"go","to_node_id":"623c38848b4b74107002eba8"}],"semaphors":[]},"title":"","description":"","x":1544,"y":604,"uuid":"1934c944-ac62-4aca-9902-15190cea9496","extra":"{\"modeForm\":\"collapse\",\"icon\":\"\"}","options":null},{"id":"623c38848b4b74107002eba8","obj_type":2,"condition":{"logics":[],"semaphors":[]},"title":"","description":"","x":1652,"y":632,"uuid":"a6d38494-2683-407e-ba4a-2bda41d8d8d3","extra":"{\"modeForm\":\"collapse\",\"icon\":\"error\"}","options":null},{"id":"623c35a8d756632d0c033f90","obj_type":0,"condition":{"logics":[{"to_node_id":"623c35a8d756632d0c033f97","type":"go_if_const","conditions":[{"param":"{{__conveyor_api_array__[{{i}}].amount}}","const":"100","fun":"less","cast":"number"}]},{"type":"go","to_node_id":"623c38848b4b74107002eba6"}],"semaphors":[]},"title":"Select transactions above 100","description":"","x":1060,"y":532,"uuid":"21735bb5-60a9-43b1-bf7d-76f9b3e4ff21","extra":"{\"modeForm\":\"expand\",\"icon\":\"\"}","options":null},{"id":"623c35a8d756632d0c033f91","obj_type":2,"condition":{"logics":[],"semaphors":[]},"title":"Error","description":"","x":648,"y":248,"uuid":"e24366d6-9c59-49af-8d5e-e7f3de415904","extra":"{\"modeForm\":\"collapse\",\"icon\":\"error\"}","options":null},{"id":"623c35a88b4b74107002eb5f","obj_type":0,"condition":{"logics":[{"type":"api_code","err_node_id":"623c35a88b4b74107002eb58","lang":"js","src":"data.transactions = [];\ndata.length = data.__conveyor_api_array__.length;\ndata.i = 0;"},{"type":"go","to_node_id":"623c35a8d756632d0c033f92"}],"semaphors":[]},"title":"Array creation","description":"","x":780,"y":320,"uuid":"c54ea878-a4c4-47f2-b306-ea89aedffb62","extra":"{\"modeForm\":\"expand\",\"icon\":\"\"}","options":null},{"id":"623c35a8d756632d0c033f9a","obj_type":0,"condition":{"logics":[{"type":"api_rpc","err_node_id":"623c35a88b4b74107002eb5e","extra":{"config_reference":""},"extra_type":{"config_reference":"string"},"group":"","obj_to_id":null,"user_id":269,"conv_id":22395,"convTitle":"FS-get Mambu config"},{"type":"go","to_node_id":"623c35a8d756632d0c033f95"}],"semaphors":[]},"title":"Log into Mambu","description":"","x":780,"y":-16,"uuid":"5e995f38-59fe-4b41-9b05-5ca7d65e31f8","extra":"{\"modeForm\":\"expand\",\"icon\":\"\"}","options":null},{"id":"623c35a8d756632d0c033f97","obj_type":0,"condition":{"logics":[{"type":"api_code","err_node_id":"623c35a88b4b74107002eb5b","lang":"js","src":"data.i = data.i +1;"},{"type":"go","to_node_id":"623c35a8d756632d0c033f92"}],"semaphors":[]},"title":"i+1","description":"","x":1060,"y":756,"uuid":"8845331b-1fbc-4178-99aa-a14a243d2853","extra":"{\"modeForm\":\"expand\",\"icon\":\"\"}","options":null},{"id":"623c35a88b4b74107002eb5b","obj_type":3,"condition":{"logics":[{"type":"go_if_const","to_node_id":"623c35a88b4b74107002eb59","conditions":[{"fun":"eq","const":"hardware","param":"__conveyor_code_return_type_error__","cast":"string"}]},{"type":"go_if_const","to_node_id":"623c35a8d756632d0c033f8f","conditions":[{"fun":"eq","const":"software","param":"__conveyor_code_return_type_error__","cast":"string"}]},{"type":"go","to_node_id":"623c35a8d756632d0c033f8f"}],"semaphors":[]},"title":"","description":"","x":1284,"y":820,"uuid":"9a408e19-fcc3-4597-82ef-fc8b62dabd08","extra":"{\"modeForm\":\"collapse\",\"icon\":\"\"}","options":null},{"id":"623c35a8d756632d0c033f8f","obj_type":2,"condition":{"logics":[],"semaphors":[]},"title":"","description":"","x":1392,"y":848,"uuid":"e20ab83e-5186-422a-abc0-f18d4a058c2b","extra":"{\"modeForm\":\"collapse\",\"icon\":\"error\"}","options":null},{"id":"623c35a88b4b74107002eb54","obj_type":0,"condition":{"logics":[],"semaphors":[{"type":"time","value":30,"dimension":"sec","to_node_id":"623c35a8d756632d0c033f9a"}]},"title":"","description":"","x":1004,"y":-16,"uuid":"1d64eaca-399a-44cf-8d44-4d159ff4155e","extra":"{\"modeForm\":\"collapse\",\"icon\":\"\"}","options":null},{"id":"623c35a8d756632d0c033f94","obj_type":1,"condition":{"logics":[{"type":"go","to_node_id":"623c35a8d756632d0c033f9a"}],"semaphors":[]},"title":"Start","description":"","x":880,"y":-76,"uuid":"5b8dac4e-caba-4899-9854-7e15cd06def9","extra":"{\"modeForm\":\"collapse\",\"icon\":\"\"}","options":null},{"id":"623c35a88b4b74107002eb59","obj_type":0,"condition":{"logics":[],"semaphors":[{"type":"time","value":30,"dimension":"sec","to_node_id":"623c35a8d756632d0c033f97"}]},"title":"","description":"","x":1284,"y":756,"uuid":"e9038274-f9f3-4520-8e41-931e9b932347","extra":"{\"modeForm\":\"collapse\",\"icon\":\"\"}","options":null},{"id":"623c35a8d756632d0c033f96","obj_type":2,"condition":{"logics":[],"semaphors":[]},"title":"","description":"","x":1108,"y":84,"uuid":"80543b7a-5128-468a-9642-1ba87b66eaf6","extra":"{\"modeForm\":\"collapse\",\"icon\":\"error\"}","options":null},{"id":"623c35a88b4b74107002eb57","obj_type":2,"condition":{"logics":[],"semaphors":[]},"title":"","description":"","x":1116,"y":412,"uuid":"c5e5a992-a8b6-4cfb-9b76-c81a812a15c1","extra":"{\"modeForm\":\"collapse\",\"icon\":\"error\"}","options":null}],"web_settings":[[],[]]},"uuid":"c07a6631-46b7-4b0e-a285-71d419c2a34b"}