{"obj_type":1,"obj_id":22992,"parent_id":6648,"title":"Ex3 - Transaction condition >100","description":"","status":"active","params":[{"name":"transactionId","type":"string","descr":"","flags":["required","input"],"regex":"","regex_error_text":""}],"ref_mask":true,"conv_type":"process","scheme":{"nodes":[{"id":"623b476d8b4b74107002e049","obj_type":0,"condition":{"logics":[{"type":"api","err_node_id":"623b476dd756632d0c033487","format":"","method":"GET","url":"https://{{config.url}}/api/deposits/transactions/{{transactionId}}","extra":{"detailsLevel":"FULL"},"extra_type":{"detailsLevel":"string"},"max_threads":5,"debug_info":false,"customize_response":true,"response":{"header":"{{header}}","transaction":"{{body}}"},"response_type":{"header":"object","transaction":"object"},"extra_headers":{"Accept":"application/vnd.mambu.v2+json","Authorization":"Basic {{config.basicAuthHeader}}"},"send_sys":false,"cert_pem":"","content_type":"application/json","is_migrate":true},{"type":"go","to_node_id":"623b476d8b4b74107002e047"}],"semaphors":[]},"title":"","description":"","x":780,"y":324,"uuid":"902c8859-84ee-459b-acf9-36348b26ec54","extra":"{\"modeForm\":\"expand\",\"icon\":\"\"}","options":null},{"id":"623b476dd756632d0c033487","obj_type":3,"condition":{"logics":[{"type":"go_if_const","to_node_id":"623b476dd756632d0c033484","conditions":[{"fun":"eq","const":"hardware","param":"__conveyor_api_return_type_error__","cast":"string"}]},{"type":"go_if_const","to_node_id":"623b476dd756632d0c033485","conditions":[{"fun":"eq","const":"software","param":"__conveyor_api_return_type_error__","cast":"string"},{"fun":"eq","const":"api_bad_answer","param":"__conveyor_api_return_type_tag__","cast":"string"},{"fun":"eq","const":"no_scheme","param":"__conveyor_api_return_description__","cast":"string"}]},{"type":"go_if_const","to_node_id":"623b476dd756632d0c033484","conditions":[{"fun":"eq","const":"software","param":"__conveyor_api_return_type_error__","cast":"string"},{"fun":"eq","const":"api_bad_answer","param":"__conveyor_api_return_type_tag__","cast":"string"}]},{"type":"go","to_node_id":"623b476dd756632d0c033485"}],"semaphors":[]},"title":"","description":"","x":1000,"y":392,"uuid":"77096612-93de-4f8e-b061-8d217baa10f5","extra":"{\"modeForm\":\"collapse\",\"icon\":\"\"}","options":null},{"id":"623b476dd756632d0c033489","obj_type":2,"condition":{"logics":[],"semaphors":[]},"title":"Final","description":"","x":1028,"y":560,"uuid":"274acf78-188c-4e4f-8452-7c2b20feade0","extra":"{\"modeForm\":\"collapse\",\"icon\":\"error\"}","options":null},{"id":"623b476dd756632d0c033488","obj_type":2,"condition":{"logics":[],"semaphors":[]},"title":"","description":"","x":1100,"y":260,"uuid":"80543b7a-5128-468a-9642-1ba87b66eaf6","extra":"{\"modeForm\":\"collapse\",\"icon\":\"error\"}","options":null},{"id":"623b476d8b4b74107002e04a","obj_type":0,"condition":{"logics":[],"semaphors":[{"type":"time","value":30,"dimension":"sec","to_node_id":"623b476d8b4b74107002e046"}]},"title":"","description":"","x":1000,"y":168,"uuid":"1d64eaca-399a-44cf-8d44-4d159ff4155e","extra":"{\"modeForm\":\"collapse\",\"icon\":\"\"}","options":null},{"id":"623b476d8b4b74107002e046","obj_type":0,"condition":{"logics":[{"type":"api_rpc","err_node_id":"623b476d8b4b74107002e045","extra":{"config_reference":""},"extra_type":{"config_reference":"string"},"group":"","obj_to_id":null,"user_id":269,"conv_id":22395},{"type":"go","to_node_id":"623b476d8b4b74107002e049"}],"semaphors":[]},"title":"","description":"","x":780,"y":168,"uuid":"5e995f38-59fe-4b41-9b05-5ca7d65e31f8","extra":"{\"modeForm\":\"expand\",\"icon\":\"\"}","options":null},{"id":"623b476dd756632d0c033486","obj_type":1,"condition":{"logics":[{"type":"go","to_node_id":"623b476d8b4b74107002e046"}],"semaphors":[]},"title":"Start","description":"","x":880,"y":100,"uuid":"5b8dac4e-caba-4899-9854-7e15cd06def9","extra":"{\"modeForm\":\"collapse\",\"icon\":\"\"}","options":null},{"id":"623b476d8b4b74107002e048","obj_type":2,"condition":{"logics":[],"semaphors":[]},"title":"Final","description":"","x":880,"y":672,"uuid":"1afa4766-78e8-4e37-8628-18f4487a0a19","extra":"{\"modeForm\":\"collapse\",\"icon\":\"success\"}","options":"{\"save_task\":true}"},{"id":"623b476d8b4b74107002e047","obj_type":0,"condition":{"logics":[{"to_node_id":"623b476dd756632d0c033489","type":"go_if_const","conditions":[{"param":"{{transaction.amount}}","const":"100","fun":"less","cast":"number"}]},{"type":"go","to_node_id":"623b476d8b4b74107002e048"}],"semaphors":[]},"title":"","description":"","x":780,"y":480,"uuid":"dacde1ca-88d8-4959-b56b-1741fce816ee","extra":"{\"modeForm\":\"expand\",\"icon\":\"\"}","options":null},{"id":"623b476d8b4b74107002e045","obj_type":3,"condition":{"logics":[{"type":"go_if_const","to_node_id":"623b476d8b4b74107002e04a","conditions":[{"fun":"eq","const":"crash_api","param":"__conveyor_copy_task_result__","cast":"string"}]},{"type":"go_if_const","to_node_id":"623b476d8b4b74107002e04a","conditions":[{"fun":"eq","const":"rpc_task_fatal_error","param":"__conveyor_rpc_return_type_tag__","cast":"string"}]},{"type":"go_if_const","to_node_id":"623b476dd756632d0c033488","conditions":[{"fun":"eq","const":"access_denied","param":"__conveyor_copy_task_result__","cast":"string"}]},{"type":"go_if_const","to_node_id":"623b476dd756632d0c033488","conditions":[{"fun":"eq","const":"rpc_reply_exception","param":"__conveyor_rpc_reply_return_type_tag__","cast":"string"}]},{"type":"go","to_node_id":"623b476dd756632d0c033488"}],"semaphors":[]},"title":"","description":"","x":1000,"y":232,"uuid":"227018ff-ea51-450f-b970-e4bcd6663ed3","extra":"{\"modeForm\":\"collapse\",\"icon\":\"\"}","options":null},{"id":"623b476dd756632d0c033485","obj_type":2,"condition":{"logics":[],"semaphors":[]},"title":"","description":"","x":1096,"y":420,"uuid":"b4e6a7a5-8689-4a4e-a768-332d6665f57d","extra":"{\"modeForm\":\"collapse\",\"icon\":\"error\"}","options":null},{"id":"623b476dd756632d0c033484","obj_type":0,"condition":{"logics":[],"semaphors":[{"type":"time","value":30,"dimension":"sec","to_node_id":"623b476d8b4b74107002e049"}]},"title":"","description":"","x":1000,"y":324,"uuid":"7dfe814e-b280-4cbc-b526-4ae7ff602df5","extra":"{\"modeForm\":\"collapse\",\"icon\":\"\"}","options":null}],"web_settings":[[],[]]},"uuid":"c07a6631-46b7-4b0e-a285-71d419c2a34b"}