{"obj_type":1,"obj_id":22990,"parent_id":6648,"title":"Ex1 - Task creation","description":"","status":"active","params":[{"name":"dueDate","type":"string","descr":"","flags":["required","input"],"regex":"","regex_error_text":""},{"name":"user","type":"string","descr":"","flags":["required","input"],"regex":"","regex_error_text":""}],"ref_mask":true,"conv_type":"process","scheme":{"nodes":[{"id":"623b4757d756632d0c033479","obj_type":0,"condition":{"logics":[{"type":"api","err_node_id":"623b47578b4b74107002e03d","format":"","method":"POST","url":"https://{{config.url}}/api/tasks","extra":{"assignedUserKey":"{{user}}","description":"Exercise 1","dueDate":"{{dueDate}}","title":"Exercise 1"},"extra_type":{"assignedUserKey":"string","description":"string","dueDate":"string","title":"string"},"max_threads":5,"debug_info":false,"customize_response":false,"response":{"header":"{{header}}","body":"{{body}}"},"response_type":{"header":"object","body":"object"},"extra_headers":{"Content-Type":"application/json","Accept":"application/vnd.mambu.v2+json","Authorization":"Basic {{config.basicAuthHeader}}"},"send_sys":false,"cert_pem":"","content_type":"application/json","is_migrate":true},{"type":"go","to_node_id":"623b4757d756632d0c033478"}],"semaphors":[]},"title":"PUT call to create the task","description":"","x":780,"y":324,"uuid":"902c8859-84ee-459b-acf9-36348b26ec54","extra":"{\"modeForm\":\"expand\",\"icon\":\"\"}","options":null},{"id":"623b4757d756632d0c033477","obj_type":3,"condition":{"logics":[{"type":"go_if_const","to_node_id":"623b4757d756632d0c03347a","conditions":[{"fun":"eq","const":"crash_api","param":"__conveyor_copy_task_result__","cast":"string"}]},{"type":"go_if_const","to_node_id":"623b4757d756632d0c03347a","conditions":[{"fun":"eq","const":"rpc_task_fatal_error","param":"__conveyor_rpc_return_type_tag__","cast":"string"}]},{"type":"go_if_const","to_node_id":"623b4757d756632d0c033476","conditions":[{"fun":"eq","const":"access_denied","param":"__conveyor_copy_task_result__","cast":"string"}]},{"type":"go_if_const","to_node_id":"623b4757d756632d0c033476","conditions":[{"fun":"eq","const":"rpc_reply_exception","param":"__conveyor_rpc_reply_return_type_tag__","cast":"string"}]},{"type":"go","to_node_id":"623b4757d756632d0c033476"}],"semaphors":[]},"title":"","description":"","x":1000,"y":236,"uuid":"227018ff-ea51-450f-b970-e4bcd6663ed3","extra":"{\"modeForm\":\"collapse\",\"icon\":\"\"}","options":null},{"id":"623b47578b4b74107002e03d","obj_type":3,"condition":{"logics":[{"type":"go_if_const","to_node_id":"623b4757d756632d0c03347b","conditions":[{"fun":"eq","const":"hardware","param":"__conveyor_api_return_type_error__","cast":"string"}]},{"type":"go_if_const","to_node_id":"623b47578b4b74107002e03b","conditions":[{"fun":"eq","const":"software","param":"__conveyor_api_return_type_error__","cast":"string"},{"fun":"eq","const":"api_bad_answer","param":"__conveyor_api_return_type_tag__","cast":"string"},{"fun":"eq","const":"no_scheme","param":"__conveyor_api_return_description__","cast":"string"}]},{"type":"go_if_const","to_node_id":"623b4757d756632d0c03347b","conditions":[{"fun":"eq","const":"software","param":"__conveyor_api_return_type_error__","cast":"string"},{"fun":"eq","const":"api_bad_answer","param":"__conveyor_api_return_type_tag__","cast":"string"}]},{"type":"go","to_node_id":"623b47578b4b74107002e03b"}],"semaphors":[]},"title":"","description":"","x":1000,"y":392,"uuid":"77096612-93de-4f8e-b061-8d217baa10f5","extra":"{\"modeForm\":\"collapse\",\"icon\":\"\"}","options":null},{"id":"623b47578b4b74107002e03b","obj_type":2,"condition":{"logics":[],"semaphors":[]},"title":"","description":"","x":1100,"y":420,"uuid":"b4e6a7a5-8689-4a4e-a768-332d6665f57d","extra":"{\"modeForm\":\"collapse\",\"icon\":\"error\"}","options":null},{"id":"623b47578b4b74107002e03c","obj_type":0,"condition":{"logics":[{"type":"api_rpc","err_node_id":"623b4757d756632d0c033477","extra":{"config_reference":""},"extra_type":{"config_reference":"string"},"group":"","obj_to_id":null,"user_id":269,"conv_id":22395},{"type":"go","to_node_id":"623b4757d756632d0c033479"}],"semaphors":[]},"title":"Call the config process","description":"Check if necessary information is filled on process 22988","x":780,"y":168,"uuid":"5e995f38-59fe-4b41-9b05-5ca7d65e31f8","extra":"{\"modeForm\":\"expand\",\"icon\":\"\"}","options":null},{"id":"623b4757d756632d0c03347b","obj_type":0,"condition":{"logics":[],"semaphors":[{"type":"time","value":30,"dimension":"sec","to_node_id":"623b4757d756632d0c033479"}]},"title":"","description":"","x":1000,"y":324,"uuid":"7dfe814e-b280-4cbc-b526-4ae7ff602df5","extra":"{\"modeForm\":\"collapse\",\"icon\":\"\"}","options":null},{"id":"623b4757d756632d0c03347a","obj_type":0,"condition":{"logics":[],"semaphors":[{"type":"time","value":30,"dimension":"sec","to_node_id":"623b47578b4b74107002e03c"}]},"title":"","description":"","x":1000,"y":168,"uuid":"1d64eaca-399a-44cf-8d44-4d159ff4155e","extra":"{\"modeForm\":\"collapse\",\"icon\":\"\"}","options":null},{"id":"623b4757d756632d0c033476","obj_type":2,"condition":{"logics":[],"semaphors":[]},"title":"","description":"","x":1104,"y":264,"uuid":"80543b7a-5128-468a-9642-1ba87b66eaf6","extra":"{\"modeForm\":\"collapse\",\"icon\":\"error\"}","options":null},{"id":"623b4757d756632d0c033478","obj_type":2,"condition":{"logics":[],"semaphors":[]},"title":"Final","description":"","x":880,"y":492,"uuid":"1afa4766-78e8-4e37-8628-18f4487a0a19","extra":"{\"modeForm\":\"collapse\",\"icon\":\"success\"}","options":"{\"save_task\":true}"},{"id":"623b47578b4b74107002e03a","obj_type":1,"condition":{"logics":[{"type":"go","to_node_id":"623b47578b4b74107002e03c"}],"semaphors":[]},"title":"Start","description":"","x":880,"y":100,"uuid":"5b8dac4e-caba-4899-9854-7e15cd06def9","extra":"{\"modeForm\":\"collapse\",\"icon\":\"\"}","options":null}],"web_settings":[[],[]]},"uuid":"c07a6631-46b7-4b0e-a285-71d419c2a34b"}