{"obj_type":1,"obj_id":22993,"parent_id":6648,"title":"Ex5 - Get all transactions >100 w/ task creation","description":"","status":"debug","params":[{"name":"depositAccountId","type":"string","descr":"","flags":["required","input"],"regex":"","regex_error_text":""},{"name":"dueDate","type":"string","descr":"","flags":["required","input"],"regex":"","regex_error_text":""},{"name":"userId","type":"string","descr":"","flags":["required","input"],"regex":"","regex_error_text":""}],"ref_mask":true,"conv_type":"process","scheme":{"nodes":[{"id":"623c9d068b4b74107002eda5","obj_type":0,"condition":{"logics":[{"type":"api","err_node_id":"623c9d068b4b74107002eda2","format":"","method":"POST","url":"https://{{config.url}}/api/tasks","extra":{"assignedUserKey":"{{userId}}","description":"Transaction ID: {{transactions[{{i}}].id}}, Amount: {{transactions[{{i}}].amount}}","dueDate":"{{dueDate}}","title":"Transaction ID: {{transactions[{{i}}].id}}"},"extra_type":{"assignedUserKey":"string","description":"string","dueDate":"string","title":"string"},"max_threads":5,"debug_info":false,"customize_response":false,"response":{"header":"{{header}}","body":"{{body}}"},"response_type":{"header":"object","body":"object"},"extra_headers":{"Accept":"application/vnd.mambu.v2+json","Content-Type":"application/json","Authorization":"Basic {{config.basicAuthHeader}}"},"send_sys":false,"cert_pem":"","content_type":"application/json","is_migrate":true},{"type":"go","to_node_id":"623c9df48b4b74107002edaf"}],"semaphors":[]},"title":"API to create task","description":"","x":1864,"y":360,"uuid":"a42ff8b5-30c3-4ca1-a6ba-a7be6a83c4b2","extra":"{\"modeForm\":\"expand\",\"icon\":\"\"}","options":null},{"id":"623c952bd756635e43000185","obj_type":3,"condition":{"logics":[{"type":"go_if_const","to_node_id":"623c952bd756635e43000183","conditions":[{"fun":"eq","const":"crash_api","param":"__conveyor_copy_task_result__","cast":"string"}]},{"type":"go_if_const","to_node_id":"623c952bd756635e43000183","conditions":[{"fun":"eq","const":"rpc_task_fatal_error","param":"__conveyor_rpc_return_type_tag__","cast":"string"}]},{"type":"go_if_const","to_node_id":"623c952bd756635e43000184","conditions":[{"fun":"eq","const":"access_denied","param":"__conveyor_copy_task_result__","cast":"string"}]},{"type":"go_if_const","to_node_id":"623c952bd756635e43000184","conditions":[{"fun":"eq","const":"rpc_reply_exception","param":"__conveyor_rpc_reply_return_type_tag__","cast":"string"}]},{"type":"go","to_node_id":"623c952bd756635e43000184"}],"semaphors":[]},"title":"","description":"","x":1788,"y":32,"uuid":"3d3365a4-12bd-4217-b1fc-1778e6e129ba","extra":"{\"modeForm\":\"collapse\",\"icon\":\"\"}","options":null},{"id":"623ca18f8b4b74107002edbb","obj_type":0,"condition":{"logics":[{"type":"api_code","err_node_id":"623ca18f8b4b74107002edb9","lang":"js","src":"data.length = data.transactions.length;\ndata.i = 0;"},{"type":"go","to_node_id":"623c9da8d756635e4300018f"}],"semaphors":[]},"title":"Array creation","description":"","x":1564,"y":136,"uuid":"9703a16c-5d92-4da8-9840-8e063ae6fe09","extra":"{\"modeForm\":\"expand\",\"icon\":\"\"}","options":null},{"id":"623ca18f8b4b74107002edba","obj_type":2,"condition":{"logics":[],"semaphors":[]},"title":"","description":"","x":1900,"y":228,"uuid":"221d4621-b54e-4735-be24-9dfb6c54b38a","extra":"{\"modeForm\":\"collapse\",\"icon\":\"error\"}","options":null},{"id":"623ca18f8b4b74107002edb9","obj_type":3,"condition":{"logics":[{"type":"go_if_const","to_node_id":"623ca18f8b4b74107002edb8","conditions":[{"fun":"eq","const":"hardware","param":"__conveyor_code_return_type_error__","cast":"string"}]},{"type":"go_if_const","to_node_id":"623ca18f8b4b74107002edba","conditions":[{"fun":"eq","const":"software","param":"__conveyor_code_return_type_error__","cast":"string"}]},{"type":"go","to_node_id":"623ca18f8b4b74107002edba"}],"semaphors":[]},"title":"","description":"","x":1792,"y":200,"uuid":"cd671e77-e578-4882-9b4e-5884c7d8e66f","extra":"{\"modeForm\":\"collapse\",\"icon\":\"\"}","options":null},{"id":"623ca18f8b4b74107002edb8","obj_type":0,"condition":{"logics":[],"semaphors":[{"type":"time","value":30,"dimension":"sec","to_node_id":"623ca18f8b4b74107002edbb"}]},"title":"","description":"","x":1792,"y":136,"uuid":"8479735a-f01c-45db-86b7-331677b97434","extra":"{\"modeForm\":\"collapse\",\"icon\":\"\"}","options":null},{"id":"623c9d068b4b74107002eda2","obj_type":3,"condition":{"logics":[{"type":"go_if_const","to_node_id":"623c9d068b4b74107002eda4","conditions":[{"fun":"eq","const":"hardware","param":"__conveyor_api_return_type_error__","cast":"string"}]},{"type":"go_if_const","to_node_id":"623c9d068b4b74107002eda3","conditions":[{"fun":"eq","const":"software","param":"__conveyor_api_return_type_error__","cast":"string"},{"fun":"eq","const":"api_bad_answer","param":"__conveyor_api_return_type_tag__","cast":"string"},{"fun":"eq","const":"no_scheme","param":"__conveyor_api_return_description__","cast":"string"}]},{"type":"go_if_const","to_node_id":"623c9d068b4b74107002eda4","conditions":[{"fun":"eq","const":"software","param":"__conveyor_api_return_type_error__","cast":"string"},{"fun":"eq","const":"api_bad_answer","param":"__conveyor_api_return_type_tag__","cast":"string"}]},{"type":"go","to_node_id":"623c9d068b4b74107002eda3"}],"semaphors":[]},"title":"","description":"","x":2100,"y":428,"uuid":"acde931d-d11c-43c7-95c4-e82a3ea0a4b9","extra":"{\"modeForm\":\"collapse\",\"icon\":\"\"}","options":null},{"id":"623c9df48b4b74107002edac","obj_type":3,"condition":{"logics":[{"type":"go_if_const","to_node_id":"623c9df48b4b74107002edad","conditions":[{"fun":"eq","const":"hardware","param":"__conveyor_code_return_type_error__","cast":"string"}]},{"type":"go_if_const","to_node_id":"623c9df48b4b74107002edae","conditions":[{"fun":"eq","const":"software","param":"__conveyor_code_return_type_error__","cast":"string"}]},{"type":"go","to_node_id":"623c9df48b4b74107002edae"}],"semaphors":[]},"title":"","description":"","x":2104,"y":596,"uuid":"782006aa-c68c-49ee-9ca9-ac631b52cf3b","extra":"{\"modeForm\":\"collapse\",\"icon\":\"\"}","options":null},{"id":"623c9dff8b4b74107002edb0","obj_type":2,"condition":{"logics":[],"semaphors":[]},"title":"Final","description":"","x":1664,"y":520,"uuid":"b7403544-a1ea-43f3-8fb4-47ce11898a8d","extra":"{\"modeForm\":\"collapse\",\"icon\":\"success\"}","options":null},{"id":"623c9df48b4b74107002edaf","obj_type":0,"condition":{"logics":[{"type":"api_code","err_node_id":"623c9df48b4b74107002edac","src":"data.i = data.i +1;","lang":"js"},{"type":"go","to_node_id":"623c9da8d756635e4300018f"}],"semaphors":[]},"title":"i+1","description":"","x":1864,"y":528,"uuid":"a9c9bee0-765a-4b55-af68-6cb773026b6b","extra":"{\"modeForm\":\"expand\",\"icon\":\"\"}","options":null},{"id":"623c9df48b4b74107002edae","obj_type":2,"condition":{"logics":[],"semaphors":[]},"title":"","description":"","x":2208,"y":624,"uuid":"5b4f5fdb-e17f-4155-9fa0-5a0f0e250e7e","extra":"{\"modeForm\":\"collapse\",\"icon\":\"error\"}","options":null},{"id":"623c9df48b4b74107002edad","obj_type":0,"condition":{"logics":[],"semaphors":[{"type":"time","value":30,"dimension":"sec","to_node_id":"623c9df48b4b74107002edaf"}]},"title":"","description":"","x":2104,"y":528,"uuid":"da927370-a0ce-4a61-812d-8af53ed90e67","extra":"{\"modeForm\":\"collapse\",\"icon\":\"\"}","options":null},{"id":"623c9da8d756635e4300018f","obj_type":0,"condition":{"logics":[{"to_node_id":"623c9d068b4b74107002eda5","type":"go_if_const","conditions":[{"param":"{{i}}","const":"{{length}}","fun":"less","cast":"number"}]},{"type":"go","to_node_id":"623c9dff8b4b74107002edb0"}],"semaphors":[]},"title":"","description":"","x":1564,"y":312,"uuid":"9e0b4d2d-1ff5-489c-93be-df6d5d79bf18","extra":"{\"modeForm\":\"expand\",\"icon\":\"\"}","options":null},{"id":"623c9d068b4b74107002eda4","obj_type":0,"condition":{"logics":[],"semaphors":[{"type":"time","value":30,"dimension":"sec","to_node_id":"623c9d068b4b74107002eda5"}]},"title":"","description":"","x":2100,"y":360,"uuid":"d04f2bae-727e-4a66-b160-d944be52fe7d","extra":"{\"modeForm\":\"collapse\",\"icon\":\"\"}","options":null},{"id":"623c9d068b4b74107002eda3","obj_type":2,"condition":{"logics":[],"semaphors":[]},"title":"","description":"","x":2208,"y":456,"uuid":"1ed7d761-971e-4de8-b18d-79f1099c090d","extra":"{\"modeForm\":\"collapse\",\"icon\":\"error\"}","options":null},{"id":"623c952bd756635e43000184","obj_type":2,"condition":{"logics":[],"semaphors":[]},"title":"","description":"","x":1896,"y":60,"uuid":"8371d6f5-debb-485b-9e9d-d9184a6982cc","extra":"{\"modeForm\":\"collapse\",\"icon\":\"error\"}","options":null},{"id":"623c952bd756635e43000183","obj_type":0,"condition":{"logics":[],"semaphors":[{"type":"time","value":30,"dimension":"sec","to_node_id":"623c952bd756635e43000182"}]},"title":"","description":"","x":1788,"y":-40,"uuid":"844f4bee-2ee6-41a2-a73e-3bdc86391abb","extra":"{\"modeForm\":\"collapse\",\"icon\":\"\"}","options":null},{"id":"623c952bd756635e43000182","obj_type":0,"condition":{"logics":[{"type":"api_rpc","err_node_id":"623c952bd756635e43000185","extra":{"depositAccountId":"{{depositAccountId}}"},"extra_type":{"depositAccountId":"string"},"group":"","conv_id":22999,"obj_to_id":null,"user_id":269,"convTitle":"Ex4 - Get all Transactions >100"},{"type":"go","to_node_id":"623ca18f8b4b74107002edbb"}],"semaphors":[]},"title":"Get transactions >100","description":"","x":1564,"y":-40,"uuid":"2d7ea7b0-def3-409d-b444-c9c99ba288ae","extra":"{\"modeForm\":\"expand\",\"icon\":\"\"}","options":null},{"id":"623b4778d756632d0c033493","obj_type":3,"condition":{"logics":[{"type":"go_if_const","to_node_id":"623b47788b4b74107002e04c","conditions":[{"fun":"eq","const":"crash_api","param":"__conveyor_copy_task_result__","cast":"string"}]},{"type":"go_if_const","to_node_id":"623b47788b4b74107002e04c","conditions":[{"fun":"eq","const":"rpc_task_fatal_error","param":"__conveyor_rpc_return_type_tag__","cast":"string"}]},{"type":"go_if_const","to_node_id":"623b47788b4b74107002e04d","conditions":[{"fun":"eq","const":"access_denied","param":"__conveyor_copy_task_result__","cast":"string"}]},{"type":"go_if_const","to_node_id":"623b47788b4b74107002e04d","conditions":[{"fun":"eq","const":"rpc_reply_exception","param":"__conveyor_rpc_reply_return_type_tag__","cast":"string"}]},{"type":"go","to_node_id":"623b47788b4b74107002e04d"}],"semaphors":[]},"title":"","description":"","x":1808,"y":-132,"uuid":"227018ff-ea51-450f-b970-e4bcd6663ed3","extra":"{\"modeForm\":\"collapse\",\"icon\":\"\"}","options":null},{"id":"623b4778d756632d0c03348f","obj_type":1,"condition":{"logics":[{"type":"go","to_node_id":"623b47788b4b74107002e04e"}],"semaphors":[]},"title":"Start","description":"","x":1664,"y":-268,"uuid":"5b8dac4e-caba-4899-9854-7e15cd06def9","extra":"{\"modeForm\":\"collapse\",\"icon\":\"\"}","options":null},{"id":"623b47788b4b74107002e04e","obj_type":0,"condition":{"logics":[{"type":"api_rpc","err_node_id":"623b4778d756632d0c033493","extra":{"config_reference":""},"extra_type":{"config_reference":"string"},"group":"","obj_to_id":null,"user_id":269,"conv_id":22395,"convTitle":"FS-get Mambu config"},{"type":"go","to_node_id":"623c952bd756635e43000182"}],"semaphors":[]},"title":"Log into Mambu","description":"","x":1564,"y":-208,"uuid":"5e995f38-59fe-4b41-9b05-5ca7d65e31f8","extra":"{\"modeForm\":\"expand\",\"icon\":\"\"}","options":null},{"id":"623b47788b4b74107002e04c","obj_type":0,"condition":{"logics":[],"semaphors":[{"type":"time","value":30,"dimension":"sec","to_node_id":"623b47788b4b74107002e04e"}]},"title":"","description":"","x":1808,"y":-208,"uuid":"1d64eaca-399a-44cf-8d44-4d159ff4155e","extra":"{\"modeForm\":\"collapse\",\"icon\":\"\"}","options":null},{"id":"623b47788b4b74107002e04d","obj_type":2,"condition":{"logics":[],"semaphors":[]},"title":"","description":"","x":1916,"y":-104,"uuid":"80543b7a-5128-468a-9642-1ba87b66eaf6","extra":"{\"modeForm\":\"collapse\",\"icon\":\"error\"}","options":null}],"web_settings":[[],[]]},"uuid":"c07a6631-46b7-4b0e-a285-71d419c2a34b"}