{"obj_type":1,"obj_id":22987,"parent_id":6649,"title":"FS-Mambu config","description":"Add new task here with necessary reference and object config inside with all the variables.\n\nurl - Mambu url;\nuser - Mambu username for API calls;\npassword - Mambu user password;\nbranchKey - default branch key (client-new-post)","status":"active","params":[],"ref_mask":true,"conv_type":"state","scheme":{"nodes":[{"id":"623b46a4d756632d0c033462","obj_type":0,"condition":{"logics":[{"type":"api_callback","conv_id":"undefined","extra":{},"extra_type":{},"extra_headers":{}},{"type":"go","to_node_id":"623b46a4d756632d0c033462","conv_id":"undefined","extra":{},"extra_type":{},"extra_headers":{}}],"semaphors":[]},"title":"Configuration objects","description":"","x":484,"y":496,"uuid":"41c5e2a0-1235-40b0-96cb-ea3c6cb244c1","extra":"{\"modeForm\":\"expand\",\"icon\":\"state\"}","options":"{}"},{"id":"623b46a4d756632d0c033457","obj_type":1,"condition":{"logics":[{"type":"go","to_node_id":"623b46a4d756632d0c033462","conv_id":"undefined","extra":{},"extra_type":{},"extra_headers":{}}],"semaphors":[]},"title":"Start","description":"","x":640,"y":308,"uuid":"17f51415-0cda-4534-9979-81acd50b0271","extra":"{\"modeForm\":\"collapse\",\"icon\":\"\"}","options":"{}"}],"web_settings":[[],[]]},"uuid":"a61e26f2-6fb3-4cb9-9802-30cdbad971fd"}