{"obj_type":1,"obj_id":22988,"parent_id":6649,"title":"FS-Fill all values inside and run this setup process","description":"","status":"active","params":[{"name":"gocardless_token","type":"string","descr":"GoCardless token","flags":["auto-clear"],"regex":"","regex_error_text":""},{"name":"mambu_password","type":"string","descr":"Mambu password","flags":["auto-clear"],"regex":"","regex_error_text":""},{"name":"mambu_user","type":"string","descr":"Mambu user","flags":["auto-clear"],"regex":"","regex_error_text":""},{"name":"basicAuthHeader","type":"string","descr":"Mambu basic auth header","flags":["auto-clear"],"regex":"","regex_error_text":""}],"ref_mask":true,"conv_type":"process","scheme":{"nodes":[{"id":"623b46a48b4b74107002e01c","obj_type":0,"condition":{"logics":[{"type":"set_param","extra":{"mambu_url":"https://deloittept.sandbox.mambu.com","mambu_user":"<INSERT MAMBU USER>","mambu_password":"<INSERT MAMBU PASSWORD>"},"extra_type":{"mambu_url":"string","mambu_user":"string","mambu_password":"string"},"err_node_id":"623b46a4d756632d0c03345f","conv_id":"undefined","extra_headers":{}},{"type":"go","to_node_id":"623b46a48b4b74107002e01e","conv_id":"undefined","extra":{},"extra_type":{},"extra_headers":{}}],"semaphors":[]},"title":"! FILL ALL VALUES HERE !","description":"","x":620,"y":-32,"uuid":"1fe89c08-3422-4652-8354-9dc41277ebc9","extra":"{\"modeForm\":\"expand\",\"icon\":\"\"}","options":"{}"},{"id":"623b46a48b4b74107002e01e","obj_type":0,"condition":{"logics":[{"type":"api_code","err_node_id":"623b46a4d756632d0c03345e","src":"require(\"libs/base64.js\");\ndata.basicAuthHeader = CryptoJS.enc.Base64.stringify(CryptoJS.enc.Utf8.parse(data.mambu_user + ':' + data.mambu_password));\n\n\ndata.mambu_url = data.mambu_url.replace(/^(https?:|)\\/\\//,'');\n","lang":"js"},{"type":"go","to_node_id":"623b46a4d756632d0c03345c","conv_id":"undefined","extra":{},"extra_type":{},"extra_headers":{}}],"semaphors":[]},"title":"Calc basic auth","description":"","x":620,"y":136,"uuid":"d8c5acab-d094-4adb-8bea-971dc84d0e84","extra":"{\"modeForm\":\"expand\",\"icon\":\"\"}","options":"{}"},{"id":"623b46a4d756632d0c03345a","obj_type":2,"condition":{"logics":[],"semaphors":[]},"title":"","description":"","x":1012,"y":228,"uuid":"67a7eaac-eb36-48ff-945c-1d08aae82b2a","extra":"{\"modeForm\":\"collapse\",\"icon\":\"error\"}","options":"{}"},{"id":"623b46a4d756632d0c03345d","obj_type":2,"condition":{"logics":[],"semaphors":[]},"title":"Setup failed","description":"","x":1012,"y":396,"uuid":"0fb459d6-77ce-4e82-ac71-33d8618a328c","extra":"{\"modeForm\":\"collapse\",\"icon\":\"error\"}","options":"{}"},{"id":"623b46a48b4b74107002e023","obj_type":2,"condition":{"logics":[],"semaphors":[]},"title":"Setup failed","description":"","x":1284,"y":552,"uuid":"833aa089-50f8-4479-a87c-e676549e6d5e","extra":"{\"modeForm\":\"collapse\",\"icon\":\"error\"}","options":"{}"},{"id":"623b46a48b4b74107002e025","obj_type":0,"condition":{"logics":[{"type":"api_copy","mode":"create","data":{"config":"{\"url\":\"{{mambu_url}}\",\"basicAuthHeader\":\"{{basicAuthHeader}}\"}"},"data_type":{"config":"object"},"group":"","ref":"mambu","err_node_id":"623b46a48b4b74107002e01d","convTitle":"Mambu config","user_id":269,"extra":{},"extra_type":{},"extra_headers":{},"conv_id":22987,"obj_to_id":null},{"type":"go","to_node_id":"623b46a48b4b74107002e022","conv_id":"undefined","extra":{},"extra_type":{},"extra_headers":{}}],"semaphors":[]},"title":"Create Mambu config","description":"","x":928,"y":468,"uuid":"e676f416-a2d8-43fc-ac54-9c9d9b1f92aa","extra":"{\"modeForm\":\"expand\",\"icon\":\"\"}","options":"{}"},{"id":"623b46a4d756632d0c03345c","obj_type":0,"condition":{"logics":[{"type":"api_copy","mode":"modify","data":{"config":"{\"url\":\"{{mambu_url}}\",\"basicAuthHeader\":\"{{basicAuthHeader}}\"}"},"data_type":{"config":"object"},"group":"","ref":"mambu","is_sync":true,"err_node_id":"623b46a48b4b74107002e01f","user_id":269,"extra":{},"extra_type":{},"extra_headers":{},"conv_id":22987,"obj_to_id":null},{"type":"go","to_node_id":"623b46a48b4b74107002e022","conv_id":"undefined","extra":{},"extra_type":{},"extra_headers":{}}],"semaphors":[]},"title":"Update Mambu config","description":"","x":620,"y":304,"uuid":"b4d63543-d352-472d-ae25-72c4dab8d6d4","extra":"{\"modeForm\":\"expand\",\"icon\":\"\"}","options":"{}"},{"id":"623b46a48b4b74107002e01f","obj_type":3,"condition":{"logics":[{"type":"go_if_const","to_node_id":"623b46a48b4b74107002e024","conditions":[{"fun":"eq","const":"crash_api","param":"__conveyor_copy_task_return_type_tag__","cast":"string"}],"conv_id":"undefined","extra":{},"extra_type":{},"extra_headers":{}},{"type":"go_if_const","to_node_id":"623b46a48b4b74107002e024","conditions":[{"fun":"eq","const":"copy_task_timeout","param":"__conveyor_copy_task_return_type_tag__","cast":"string"}],"conv_id":"undefined","extra":{},"extra_type":{},"extra_headers":{}},{"type":"go_if_const","to_node_id":"623b46a48b4b74107002e024","conditions":[{"fun":"eq","const":"copy_task_fatal_error","param":"__conveyor_copy_task_return_type_tag__","cast":"string"}],"conv_id":"undefined","extra":{},"extra_type":{},"extra_headers":{}},{"type":"go_if_const","to_node_id":"623b46a48b4b74107002e024","conditions":[{"fun":"eq","const":"duplicate_callback","param":"__conveyor_copy_task_return_type_tag__","cast":"string"}],"conv_id":"undefined","extra":{},"extra_type":{},"extra_headers":{}},{"type":"go_if_const","to_node_id":"623b46a4d756632d0c03345d","conditions":[{"fun":"eq","const":"access_denied","param":"__conveyor_copy_task_return_type_tag__","cast":"string"}],"conv_id":"undefined","extra":{},"extra_type":{},"extra_headers":{}},{"type":"go_if_const","conditions":[{"param":"__conveyor_copy_task_return_type_tag__","const":"not_found_task","fun":"eq","cast":"string"}],"to_node_id":"623b46a48b4b74107002e025","chTime":1537346566246,"conv_id":"undefined","extra":{},"extra_type":{},"extra_headers":{}},{"type":"go","to_node_id":"623b46a4d756632d0c03345d","conv_id":"undefined","extra":{},"extra_type":{},"extra_headers":{}}],"semaphors":[]},"title":"","description":"","x":864,"y":368,"uuid":"9a6ee062-d605-4b35-8094-414c60457819","extra":"{\"modeForm\":\"collapse\",\"icon\":\"\"}","options":"{}"},{"id":"623b46a48b4b74107002e01d","obj_type":3,"condition":{"logics":[{"type":"go_if_const","to_node_id":"623b46a4d756632d0c033463","conditions":[{"fun":"eq","const":"crash_api","param":"__conveyor_copy_task_return_type_tag__","cast":"string"}],"conv_id":"undefined","extra":{},"extra_type":{},"extra_headers":{}},{"type":"go_if_const","to_node_id":"623b46a4d756632d0c033463","conditions":[{"fun":"eq","const":"copy_task_timeout","param":"__conveyor_copy_task_return_type_tag__","cast":"string"}],"conv_id":"undefined","extra":{},"extra_type":{},"extra_headers":{}},{"type":"go_if_const","to_node_id":"623b46a4d756632d0c033463","conditions":[{"fun":"eq","const":"copy_task_fatal_error","param":"__conveyor_copy_task_return_type_tag__","cast":"string"}],"conv_id":"undefined","extra":{},"extra_type":{},"extra_headers":{}},{"type":"go_if_const","to_node_id":"623b46a48b4b74107002e023","conditions":[{"fun":"eq","const":"access_denied","param":"__conveyor_copy_task_return_type_tag__","cast":"string"}],"conv_id":"undefined","extra":{},"extra_type":{},"extra_headers":{}},{"type":"go","to_node_id":"623b46a48b4b74107002e023","conv_id":"undefined","extra":{},"extra_type":{},"extra_headers":{}}],"semaphors":[]},"title":"","description":"","x":1156,"y":524,"uuid":"425bb5e3-d2bb-4c2a-bb39-8619b30c842d","extra":"{\"modeForm\":\"collapse\",\"icon\":\"\"}","options":"{}"},{"id":"623b46a4d756632d0c033463","obj_type":0,"condition":{"logics":[],"semaphors":[{"type":"time","value":30,"dimension":"sec","to_node_id":"623b46a48b4b74107002e025","chTime":1537346607567,"conv_id":"undefined","extra":{},"extra_type":{},"extra_headers":{}}]},"title":"","description":"","x":1156,"y":468,"uuid":"cde14db2-d31c-4abe-b348-16907bf9ffd9","extra":"{\"modeForm\":\"collapse\",\"icon\":\"\"}","options":"{}"},{"id":"623b46a4d756632d0c033461","obj_type":0,"condition":{"logics":[],"semaphors":[{"type":"time","value":30,"dimension":"sec","to_node_id":"623b46a48b4b74107002e01e","conv_id":"undefined","extra":{},"extra_type":{},"extra_headers":{}}]},"title":"","description":"","x":860,"y":136,"uuid":"7253222c-dc9f-4285-a8c5-74892e9640b8","extra":"{\"modeForm\":\"collapse\",\"icon\":\"\"}","options":"{}"},{"id":"623b46a4d756632d0c03345f","obj_type":2,"condition":{"logics":[],"semaphors":[]},"title":"Setup failed","description":"","x":876,"y":60,"uuid":"28a165a7-45a6-4e9d-973e-37b419600511","extra":"{\"modeForm\":\"collapse\",\"icon\":\"error\"}","options":"{}"},{"id":"623b46a48b4b74107002e024","obj_type":0,"condition":{"logics":[],"semaphors":[{"type":"time","value":30,"dimension":"sec","to_node_id":"623b46a4d756632d0c03345c","conv_id":"undefined","extra":{},"extra_type":{},"extra_headers":{}}]},"title":"","description":"","x":864,"y":304,"uuid":"8a3c5bb4-9d33-4170-9510-408bd25ecdce","extra":"{\"modeForm\":\"collapse\",\"icon\":\"\"}","options":"{}"},{"id":"623b46a4d756632d0c03345e","obj_type":3,"condition":{"logics":[{"type":"go_if_const","to_node_id":"623b46a4d756632d0c033461","conditions":[{"fun":"eq","const":"hardware","param":"__conveyor_code_return_type_error__","cast":"string"}],"conv_id":"undefined","extra":{},"extra_type":{},"extra_headers":{}},{"type":"go_if_const","to_node_id":"623b46a4d756632d0c03345a","conditions":[{"fun":"eq","const":"software","param":"__conveyor_code_return_type_error__","cast":"string"}],"conv_id":"undefined","extra":{},"extra_type":{},"extra_headers":{}},{"type":"go","to_node_id":"623b46a4d756632d0c03345a","conv_id":"undefined","extra":{},"extra_type":{},"extra_headers":{}}],"semaphors":[]},"title":"","description":"","x":860,"y":200,"uuid":"f2ad8ce9-bcb8-4b27-8339-76e1e4aec813","extra":"{\"modeForm\":\"collapse\",\"icon\":\"\"}","options":"{}"},{"id":"623b46a48b4b74107002e022","obj_type":2,"condition":{"logics":[],"semaphors":[]},"title":"Setup finished","description":"","x":720,"y":528,"uuid":"a309ec12-c135-4728-8d23-35c33865c187","extra":"{\"modeForm\":\"collapse\",\"icon\":\"success\"}","options":"{}"},{"id":"623b46a4d756632d0c03345b","obj_type":1,"condition":{"logics":[{"type":"go","to_node_id":"623b46a48b4b74107002e01c","conv_id":"undefined","extra":{},"extra_type":{},"extra_headers":{}}],"semaphors":[]},"title":"Start","description":"","x":720,"y":-96,"uuid":"8b4b2dc4-3b2a-4223-a2b2-b98a1beb86ac","extra":"{\"modeForm\":\"collapse\",\"icon\":\"\"}","options":"{}"}],"web_settings":[[],[]]},"uuid":"fc1254c2-e324-4302-aaa5-6eb485ba1bb1"}