{"obj_type":1,"obj_id":22989,"parent_id":6649,"title":"FS-get Mambu config","description":"To retrieve configuration","status":"active","params":[{"name":"config_reference","type":"string","descr":"Configuration task reference","flags":["input"],"regex":"","regex_error_text":""},{"name":"error_code","type":"string","descr":"Error code","flags":[],"regex":"","regex_error_text":""},{"name":"error_process","type":"string","descr":"Error process","flags":[],"regex":"","regex_error_text":""},{"name":"config.basicAuthHeader","type":"string","descr":"Mambu basic auth header","flags":["auto-clear"],"regex":"","regex_error_text":""},{"name":"error_source","type":"string","descr":"Error source","flags":[],"regex":"","regex_error_text":""},{"name":"error_message","type":"string","descr":"Error message","flags":[],"regex":"","regex_error_text":""}],"ref_mask":true,"conv_type":"process","scheme":{"nodes":[{"id":"623b46a4d756632d0c033454","obj_type":2,"condition":{"logics":[],"semaphors":[]},"title":"02 No config found","description":"","x":1384,"y":244,"uuid":"a581de16-354e-41ff-b120-edb8bbb772af","extra":"{\"modeForm\":\"collapse\",\"icon\":\"error\"}","options":"{}"},{"id":"623b46a48b4b74107002e018","obj_type":2,"condition":{"logics":[],"semaphors":[]},"title":"Config obtained","description":"","x":640,"y":1132,"uuid":"0ccfe1f2-d542-4403-afc4-b816027d2592","extra":"{\"modeForm\":\"collapse\",\"icon\":\"success\"}","options":"{}"},{"id":"623b46a48b4b74107002e021","obj_type":0,"condition":{"logics":[{"type":"api_rpc_reply","res_data":{"error_code":"03","error_message":"No connection info found by reference {{config_reference}}","error_source":"{{error_source}}","error_process":"{{error_process}}"},"res_data_type":{"error_code":"string","error_message":"string","error_source":"string","error_process":"string"},"mode":"key_value","throw_exception":true,"exception_reason":"No connection info found","conv_id":"undefined","extra":{},"extra_type":{},"extra_headers":{}},{"type":"go","to_node_id":"623b46a4d756632d0c033455","chTime":1538472779840,"conv_id":"undefined","extra":{},"extra_type":{},"extra_headers":{}}],"semaphors":[]},"title":"03 No connection info found","description":"","x":1120,"y":588,"uuid":"1db7428a-6741-4c61-9c83-6f8c66af8e6e","extra":"{\"modeForm\":\"expand\",\"icon\":\"\"}","options":"{}"},{"id":"623b46a48b4b74107002e019","obj_type":3,"condition":{"logics":[{"type":"api_rpc_reply","res_data":{"error_code":"01","error_message":"Set params error","error_source":"{{error_source}}","error_process":"{{error_process}}"},"res_data_type":{"error_code":"string","error_message":"string","error_source":"string","error_process":"string"},"mode":"key_value","throw_exception":true,"exception_reason":"Set params error","conv_id":"undefined","extra":{},"extra_type":{},"extra_headers":{}},{"type":"go","to_node_id":"623b46a48b4b74107002e016","chTime":1538472641727,"conv_id":"undefined","extra":{},"extra_type":{},"extra_headers":{}}],"semaphors":[]},"title":"01 Set params error","description":"","x":1108,"y":84,"uuid":"36f3ccdb-116b-43fe-b439-0f6c97ff7448","extra":"{\"modeForm\":\"expand\",\"icon\":\"\"}","options":"{}"},{"id":"623b46a4d756632d0c033458","obj_type":0,"condition":{"logics":[{"type":"set_param","extra":{"config":"{{conv[22987].ref[{{config_reference}}].config}}"},"extra_type":{"config":"object"},"err_node_id":"623b46a48b4b74107002e01b","conv_id":"undefined","extra_headers":{}},{"type":"go","to_node_id":"623b46a4d756632d0c033453","conv_id":"undefined","extra":{},"extra_type":{},"extra_headers":{}}],"semaphors":[]},"title":"Read config data","description":"","x":540,"y":160,"uuid":"a03e814e-34ec-48b3-8a4b-8f91f9099f50","extra":"{\"modeForm\":\"expand\",\"icon\":\"\"}","options":"{}"},{"id":"623b46a48b4b74107002e020","obj_type":0,"condition":{"logics":[{"type":"set_param","extra":{"error_source":"MPO","error_process":"{{root.conv_id}}"},"extra_type":{"error_source":"string","error_process":"number"},"err_node_id":"623b46a4d756632d0c033456","conv_id":"undefined","extra_headers":{}},{"type":"go","to_node_id":"623b46a4d756632d0c033456","chTime":1538472251140,"conv_id":"undefined","extra":{},"extra_type":{},"extra_headers":{}}],"semaphors":[]},"title":"Set default values for error source","description":"","x":544,"y":-204,"uuid":"70c4a16f-f35f-41cc-be36-dcc303dbe9e4","extra":"{\"modeForm\":\"expand\",\"icon\":\"\"}","options":"{}"},{"id":"623b46a48b4b74107002e01b","obj_type":3,"condition":{"logics":[{"type":"api_rpc_reply","res_data":{"error_code":"02","error_message":"No config found by reference {{config_reference}}","error_source":"{{error_source}}","error_process":"{{error_process}}"},"res_data_type":{"error_code":"string","error_message":"string","error_source":"string","error_process":"string"},"mode":"key_value","throw_exception":true,"exception_reason":"No config found","conv_id":"undefined","extra":{},"extra_type":{},"extra_headers":{}},{"type":"go","to_node_id":"623b46a4d756632d0c033454","chTime":1531903225775,"conv_id":"undefined","extra":{},"extra_type":{},"extra_headers":{}}],"semaphors":[]},"title":"02 No config found","description":"","x":1108,"y":216,"uuid":"50791797-6554-4c7d-aa7e-e6562235322f","extra":"{\"modeForm\":\"expand\",\"icon\":\"\"}","options":"{}"},{"id":"623b46a4d756632d0c033460","obj_type":0,"condition":{"logics":[{"to_node_id":"623b46a48b4b74107002e021","type":"go_if_const","conditions":[{"param":"{{config.url}}","const":"","fun":"eq","cast":"string"}],"chTime":1531906133195,"conv_id":"undefined","extra":{},"extra_type":{},"extra_headers":{}},{"type":"go_if_const","conditions":[{"param":"{{config.basicAuthHeader}}","const":"","fun":"eq","cast":"string"}],"to_node_id":"623b46a48b4b74107002e021","chTime":1531906211103,"conv_id":"undefined","extra":{},"extra_type":{},"extra_headers":{}},{"type":"go","to_node_id":"623b46a4d756632d0c033459","chTime":1541689398489,"conv_id":"undefined","extra":{},"extra_type":{},"extra_headers":{}}],"semaphors":[]},"title":"","description":"","x":540,"y":504,"uuid":"c538680b-70c4-48f2-bde1-a198ac1da79d","extra":"{\"modeForm\":\"expand\",\"icon\":\"\"}","options":"{}"},{"id":"623b46a4d756632d0c033459","obj_type":0,"condition":{"logics":[{"type":"api_rpc_reply","res_data":{"config":"{{config}}"},"res_data_type":{"config":"object"},"mode":"key_value","throw_exception":false,"conv_id":"undefined","extra":{},"extra_type":{},"extra_headers":{}},{"type":"go","to_node_id":"623b46a48b4b74107002e018","chTime":1531903793978,"conv_id":"undefined","extra":{},"extra_type":{},"extra_headers":{}}],"semaphors":[]},"title":"Success result","description":"","x":540,"y":964,"uuid":"75e8b315-c273-4b99-8087-c103ff06923b","extra":"{\"modeForm\":\"expand\",\"icon\":\"\"}","options":"{}"},{"id":"623b46a4d756632d0c033453","obj_type":0,"condition":{"logics":[{"to_node_id":"623b46a48b4b74107002e01b","type":"go_if_const","conditions":[{"param":"{{config}}","const":"{}","fun":"eq","cast":"object"}],"chTime":1538472695186,"conv_id":"undefined","extra":{},"extra_type":{},"extra_headers":{}},{"type":"go_if_const","conditions":[{"param":"{{config}}","const":"","fun":"eq","cast":"string"}],"to_node_id":"623b46a48b4b74107002e01b","chTime":1538472696980,"conv_id":"undefined","extra":{},"extra_type":{},"extra_headers":{}},{"type":"go","to_node_id":"623b46a4d756632d0c033460","chTime":1531903909077,"conv_id":"undefined","extra":{},"extra_type":{},"extra_headers":{}}],"semaphors":[]},"title":"","description":"","x":540,"y":308,"uuid":"be4c6d65-1c8f-4219-aef8-b19a96ba0f07","extra":"{\"modeForm\":\"expand\",\"icon\":\"\"}","options":"{}"},{"id":"623b46a48b4b74107002e01a","obj_type":0,"condition":{"logics":[{"type":"set_param","extra":{"config_reference":"mambu"},"extra_type":{"config_reference":"string"},"err_node_id":"623b46a48b4b74107002e019","chTime":1531905277941,"conv_id":"undefined","extra_headers":{}},{"type":"go","to_node_id":"623b46a4d756632d0c033458","chTime":1531905270918,"conv_id":"undefined","extra":{},"extra_type":{},"extra_headers":{}}],"semaphors":[]},"title":"Set default value for config object id","description":"Id of the object _config_ in the same folder by default","x":808,"y":12,"uuid":"4dc6210a-9bca-4426-9d9e-69c21764637a","extra":"{\"modeForm\":\"expand\",\"icon\":\"\"}","options":"{}"},{"id":"623b46a48b4b74107002e017","obj_type":1,"condition":{"logics":[{"type":"go","to_node_id":"623b46a48b4b74107002e020","conv_id":"undefined","extra":{},"extra_type":{},"extra_headers":{}}],"semaphors":[]},"title":"Start","description":"","x":640,"y":-264,"uuid":"c88810e1-c4d6-4e88-bf11-0bad60025e8a","extra":"{\"modeForm\":\"collapse\",\"icon\":\"\"}","options":"{}"},{"id":"623b46a4d756632d0c033456","obj_type":3,"condition":{"logics":[{"to_node_id":"623b46a48b4b74107002e01a","type":"go_if_const","conditions":[{"param":"{{config_reference}}","const":"","fun":"eq","cast":"string"}],"chTime":1538472322760,"conv_id":"undefined","extra":{},"extra_type":{},"extra_headers":{}},{"type":"go","to_node_id":"623b46a4d756632d0c033458","chTime":1538472314764,"conv_id":"undefined","extra":{},"extra_type":{},"extra_headers":{}}],"semaphors":[]},"title":"","description":"","x":540,"y":-32,"uuid":"1fbb7ff5-c9eb-47d6-b033-73f97f986017","extra":"{\"modeForm\":\"expand\",\"icon\":\"\"}","options":"{}"},{"id":"623b46a4d756632d0c033455","obj_type":2,"condition":{"logics":[],"semaphors":[]},"title":"03 No connection info found","description":"","x":1388,"y":616,"uuid":"b2bd917a-f01d-4731-9e80-2ce05b5052ed","extra":"{\"modeForm\":\"collapse\",\"icon\":\"error\"}","options":"{}"},{"id":"623b46a48b4b74107002e016","obj_type":2,"condition":{"logics":[],"semaphors":[]},"title":"01 Set params error","description":"","x":1384,"y":112,"uuid":"4393a700-c63f-4c61-8fdc-206cc6efcdf1","extra":"{\"modeForm\":\"collapse\",\"icon\":\"error\"}","options":"{}"}],"web_settings":[[],[]]},"uuid":"5281100d-d974-4b2a-9583-a29a5fb0be22"}