{"obj_type":1,"obj_id":38640,"parent_id":9774,"title":"Exercicio1","description":"","status":"active","params":[{"name":"clientId","type":"string","descr":"","flags":["input"],"regex":"","regex_error_text":""}],"ref_mask":true,"conv_type":"process","scheme":{"nodes":[{"id":"629f0ca7d65492001a016ea1","obj_type":0,"condition":{"logics":[{"type":"api_rpc_reply","res_data":{"result":"{{result}}"},"res_data_type":{"result":"object"},"mode":"key_value","throw_exception":false},{"type":"go","to_node_id":"629f0b602a03de001b016d28"}],"semaphors":[]},"title":"","description":"","x":1820,"y":1128,"uuid":"cb26e51c-fe50-48e4-a47f-f785cb689a4c","extra":"{\"modeForm\":\"expand\",\"icon\":\"\"}","options":null},{"id":"629f0c30d65492001a016ea0","obj_type":3,"condition":{"logics":[{"type":"go_if_const","to_node_id":"629f0c30d65492001a016e9e","conditions":[{"fun":"eq","const":"hardware","param":"__conveyor_code_return_type_error__","cast":"string"}]},{"type":"go_if_const","to_node_id":"629f0c30d65492001a016e9f","conditions":[{"fun":"eq","const":"software","param":"__conveyor_code_return_type_error__","cast":"string"}]},{"type":"go","to_node_id":"629f0c30d65492001a016e9f"}],"semaphors":[]},"title":"","description":"","x":2072,"y":1048,"uuid":"36cffa4b-07d9-4f08-92dc-3ab7bb6f9faf","extra":"{\"modeForm\":\"collapse\",\"icon\":\"\"}","options":null},{"id":"629f0c30d65492001a016e9f","obj_type":2,"condition":{"logics":[],"semaphors":[]},"title":"","description":"","x":2204,"y":1076,"uuid":"6a9eb7ba-36c7-4bfd-8c65-162a4c1e1dea","extra":"{\"modeForm\":\"collapse\",\"icon\":\"error\"}","options":null},{"id":"629f0c30d65492001a016e9e","obj_type":0,"condition":{"logics":[],"semaphors":[{"type":"time","value":30,"dimension":"sec","to_node_id":"629f0c30d65492001a016e9d"}]},"title":"","description":"","x":2072,"y":952,"uuid":"930a087e-199f-4db8-9b23-f83c76b4a5b4","extra":"{\"modeForm\":\"collapse\",\"icon\":\"\"}","options":null},{"id":"629f0c30d65492001a016e9d","obj_type":0,"condition":{"logics":[{"type":"api_code","err_node_id":"629f0c30d65492001a016ea0","lang":"js","src":"data.result=\n    {\n    \"name\":data.body.firstName,\n    \"actDate\":data.body.activationDate,\n    \"balanceAmount\":data.amount\n};"},{"type":"go","to_node_id":"629f0ca7d65492001a016ea1"}],"semaphors":[]},"title":"","description":"","x":1820,"y":956,"uuid":"a08192f2-1ace-40c4-88aa-b6425e94d3f0","extra":"{\"modeForm\":\"expand\",\"icon\":\"\"}","options":null},{"id":"629f0b30d65492001a016e97","obj_type":0,"condition":{"logics":[{"to_node_id":"629f0c30d65492001a016e9d","type":"go_if_const","conditions":[{"param":"{{items_total}}","const":"{{j}}","fun":"eq","cast":"number"}]},{"type":"go","to_node_id":"629f0b59d65492001a016e98"}],"semaphors":[]},"title":"","description":"","x":1280,"y":904,"uuid":"2233c100-7e79-4824-ad2e-aabdc3c876a5","extra":"{\"modeForm\":\"expand\",\"icon\":\"\"}","options":null},{"id":"629f0b602a03de001b016d28","obj_type":2,"condition":{"logics":[],"semaphors":[]},"title":"Final","description":"","x":1920,"y":1316,"uuid":"f34124a7-7a6a-4f85-97cf-b5b37ff51c00","extra":"{\"modeForm\":\"collapse\",\"icon\":\"success\"}","options":null},{"id":"629f0b59d65492001a016e9b","obj_type":3,"condition":{"logics":[{"type":"go_if_const","to_node_id":"629f0b59d65492001a016e99","conditions":[{"fun":"eq","const":"hardware","param":"__conveyor_code_return_type_error__","cast":"string"}]},{"type":"go_if_const","to_node_id":"629f0b59d65492001a016e9a","conditions":[{"fun":"eq","const":"software","param":"__conveyor_code_return_type_error__","cast":"string"}]},{"type":"go","to_node_id":"629f0b59d65492001a016e9a"}],"semaphors":[]},"title":"","description":"","x":1532,"y":1152,"uuid":"7f091e2d-102a-446d-be8d-711cb39504db","extra":"{\"modeForm\":\"collapse\",\"icon\":\"\"}","options":null},{"id":"629f0b59d65492001a016e9a","obj_type":2,"condition":{"logics":[],"semaphors":[]},"title":"","description":"","x":1664,"y":1180,"uuid":"286419e7-a4a9-4667-8720-520ae00e1e4e","extra":"{\"modeForm\":\"collapse\",\"icon\":\"error\"}","options":null},{"id":"629f0b59d65492001a016e99","obj_type":0,"condition":{"logics":[],"semaphors":[{"type":"time","value":30,"dimension":"sec","to_node_id":"629f0b59d65492001a016e98"}]},"title":"","description":"","x":1532,"y":1060,"uuid":"acbbd0c8-1105-47c6-9d83-6ed6cd7f9ae7","extra":"{\"modeForm\":\"collapse\",\"icon\":\"\"}","options":null},{"id":"629f0b59d65492001a016e98","obj_type":0,"condition":{"logics":[{"type":"api_code","err_node_id":"629f0b59d65492001a016e9b","lang":"js","src":"if(data.body2[data.j].type==\"DEPOSIT\"){\ndata.amount+=data.body2[data.j].amount;\n}\nif(data.body2[data.j].type==\"WITHDRAWAL\"){\ndata.amount-=data.body2[data.j].amount;\n}\ndata.j++;"},{"type":"go","to_node_id":"629f0b30d65492001a016e97"}],"semaphors":[]},"title":"","description":"","x":1280,"y":1060,"uuid":"2ac03baf-689f-4d06-ae02-03dc8ff197a2","extra":"{\"modeForm\":\"expand\",\"icon\":\"\"}","options":null},{"id":"629f0a5d2a03de001b016d24","obj_type":0,"condition":{"logics":[{"type":"api","err_node_id":"629f0a5d2a03de001b016d21","format":"raw","method":"POST","url":"https://{{url}}/api/deposits/transactions:search?paginationDetails=ON&offset=0&limit=1000&detailsLevel=FULL","extra":{},"extra_type":{},"max_threads":5,"debug_info":false,"customize_response":true,"response":{"header":"{{header}}","body2":"{{body.__conveyor_api_array__}}","items_total":"{{header.items-total}}"},"response_type":{"header":"object","body2":"object","items_total":"number"},"extra_headers":{"Authorization":"Basic {{basicAuthHeader}}","Accept":"application/vnd.mambu.v2+json"},"send_sys":false,"cert_pem":"","content_type":"application/json","is_migrate":true,"conv_id":"undefined","raw_body":"{\n    \"filterCriteria\": [\n        {\n            \"field\": \"parentAccountKey\",\n            \"operator\": \"IN\",\n            \"values\": {{array}}\n        },\n        {\n            \"field\": \"wasAdjusted\",\n            \"operator\": \"EQUALS\",\n            \"value\": \"FALSE\"\n        },\n        {\n            \"field\": \"typeIsAdjustment\",\n            \"operator\": \"EQUALS\",\n            \"value\": \"FALSE\"\n        }\n    ]  \n}\n"},{"type":"go","to_node_id":"629f0b30d65492001a016e97"}],"semaphors":[]},"title":"get-first","description":"","x":1280,"y":728,"uuid":"e30cd332-2202-4c39-a478-b8a52db69a48","extra":"{\"modeForm\":\"expand\",\"icon\":\"\"}","options":"{}"},{"id":"629f0a5d2a03de001b016d23","obj_type":0,"condition":{"logics":[],"semaphors":[{"type":"time","value":30,"dimension":"sec","to_node_id":"629f0a5d2a03de001b016d24","conv_id":"undefined","extra":{},"extra_type":{},"extra_headers":{}}]},"title":"","description":"","x":1524,"y":728,"uuid":"54fda257-d91f-4e10-afaf-58b3e5257b70","extra":"{\"modeForm\":\"collapse\",\"icon\":\"\"}","options":"{}"},{"id":"629f0a5d2a03de001b016d22","obj_type":2,"condition":{"logics":[],"semaphors":[]},"title":"Final","description":"","x":1664,"y":820,"uuid":"3fa56f4e-163a-4807-9b54-880eec46b1e9","extra":"{\"modeForm\":\"collapse\",\"icon\":\"error\"}","options":null},{"id":"629f0a5d2a03de001b016d21","obj_type":3,"condition":{"logics":[{"type":"go_if_const","to_node_id":"629f0a5d2a03de001b016d23","conditions":[{"fun":"eq","const":"hardware","param":"__conveyor_api_return_type_error__","cast":"string"}],"conv_id":"undefined","extra":{},"extra_type":{},"extra_headers":{}},{"type":"go_if_const","to_node_id":"629f0a5d2a03de001b016d22","conditions":[{"fun":"eq","const":"software","param":"__conveyor_api_return_type_error__","cast":"string"},{"fun":"eq","const":"api_bad_answer","param":"__conveyor_api_return_type_tag__","cast":"string"},{"fun":"eq","const":"no_scheme","param":"__conveyor_api_return_description__","cast":"string"}],"conv_id":"undefined","extra":{},"extra_type":{},"extra_headers":{}},{"type":"go_if_const","to_node_id":"629f0a5d2a03de001b016d23","conditions":[{"fun":"eq","const":"software","param":"__conveyor_api_return_type_error__","cast":"string"},{"fun":"eq","const":"api_bad_answer","param":"__conveyor_api_return_type_tag__","cast":"string"}],"conv_id":"undefined","extra":{},"extra_type":{},"extra_headers":{}},{"type":"go","to_node_id":"629f0a5d2a03de001b016d22","conv_id":"undefined","extra":{},"extra_type":{},"extra_headers":{}}],"semaphors":[]},"title":"","description":"","x":1524,"y":792,"uuid":"6f4d82c4-8462-495a-9ac8-529d335c1188","extra":"{\"modeForm\":\"collapse\",\"icon\":\"\"}","options":"{}"},{"id":"629f098d2a03de001b016d1a","obj_type":0,"condition":{"logics":[{"type":"api_code","err_node_id":"629f098d2a03de001b016d1d","lang":"js","src":"data.array.push(data.body2[data.i].encodedKey);\ndata.i++;"},{"type":"go","to_node_id":"629f0955d65492001a016e8e"}],"semaphors":[]},"title":"","description":"","x":784,"y":920,"uuid":"c25dd708-7154-4c0a-a7be-d973f66f53a1","extra":"{\"modeForm\":\"expand\",\"icon\":\"\"}","options":null},{"id":"629f0724d65492001a016e86","obj_type":0,"condition":{"logics":[{"type":"api","err_node_id":"629f0724d65492001a016e83","format":"raw","method":"POST","url":"https://{{url}}/api/deposits:search?paginationDetails=ON&offset=0&limit=1000&detailsLevel=FULL","extra":{},"extra_type":{},"max_threads":5,"debug_info":false,"customize_response":true,"response":{"header":"{{header}}","body2":"{{body.__conveyor_api_array__}}","items_total":"{{header.items-total}}"},"response_type":{"header":"object","body2":"array","items_total":"string"},"extra_headers":{"Authorization":"Basic {{basicAuthHeader}}","Accept":"application/vnd.mambu.v2+json"},"send_sys":false,"cert_pem":"","content_type":"application/json","is_migrate":true,"conv_id":"undefined","raw_body":"{\n    \"filterCriteria\": [\n        {\n           \"field\": \"accountHolderKey\",\n            \"operator\": \"equals\",\n            \"value\": \"{{body.encodedKey}}\"\n        }\n\n    ]  \n}\n"},{"type":"go","to_node_id":"629f09672a03de001b016d16"}],"semaphors":[]},"title":"get-next","description":"","x":784,"y":376,"uuid":"729a3935-e0ad-4bbb-af7b-6b7f2a9a68b2","extra":"{\"modeForm\":\"expand\",\"icon\":\"\"}","options":"{}"},{"id":"629f0657d65492001a016e82","obj_type":3,"condition":{"logics":[{"type":"go_if_const","to_node_id":"629f0657d65492001a016e80","conditions":[{"fun":"eq","const":"crash_api","param":"__conveyor_copy_task_result__","cast":"string"}]},{"type":"go_if_const","to_node_id":"629f0657d65492001a016e80","conditions":[{"fun":"eq","const":"rpc_task_fatal_error","param":"__conveyor_rpc_return_type_tag__","cast":"string"}]},{"type":"go_if_const","to_node_id":"629f0657d65492001a016e81","conditions":[{"fun":"eq","const":"access_denied","param":"__conveyor_copy_task_result__","cast":"string"}]},{"type":"go_if_const","to_node_id":"629f0657d65492001a016e81","conditions":[{"fun":"eq","const":"rpc_reply_exception","param":"__conveyor_rpc_reply_return_type_tag__","cast":"string"}]},{"type":"go","to_node_id":"629f0657d65492001a016e81"}],"semaphors":[]},"title":"","description":"","x":1036,"y":112,"uuid":"71107cf5-77a5-49d6-8fbf-1c4ca8aa0aeb","extra":"{\"modeForm\":\"collapse\",\"icon\":\"\"}","options":null},{"id":"629f098d2a03de001b016d1d","obj_type":3,"condition":{"logics":[{"type":"go_if_const","to_node_id":"629f098d2a03de001b016d1b","conditions":[{"fun":"eq","const":"hardware","param":"__conveyor_code_return_type_error__","cast":"string"}]},{"type":"go_if_const","to_node_id":"629f098d2a03de001b016d1c","conditions":[{"fun":"eq","const":"software","param":"__conveyor_code_return_type_error__","cast":"string"}]},{"type":"go","to_node_id":"629f098d2a03de001b016d1c"}],"semaphors":[]},"title":"","description":"","x":1036,"y":1012,"uuid":"aef2791d-08e7-4ef3-ab3e-0218a3fe5749","extra":"{\"modeForm\":\"collapse\",\"icon\":\"\"}","options":null},{"id":"629f098d2a03de001b016d1b","obj_type":0,"condition":{"logics":[],"semaphors":[{"type":"time","value":30,"dimension":"sec","to_node_id":"629f098d2a03de001b016d1a"}]},"title":"","description":"","x":1036,"y":920,"uuid":"90aae1ee-4828-47b3-8af3-e73fbe972bf2","extra":"{\"modeForm\":\"collapse\",\"icon\":\"\"}","options":null},{"id":"629f098d2a03de001b016d1c","obj_type":2,"condition":{"logics":[],"semaphors":[]},"title":"","description":"","x":1168,"y":1040,"uuid":"103a3b18-4c74-47c3-b9a4-d26e478e60b3","extra":"{\"modeForm\":\"collapse\",\"icon\":\"error\"}","options":null},{"id":"629f0724d65492001a016e83","obj_type":3,"condition":{"logics":[{"type":"go_if_const","to_node_id":"629f0724d65492001a016e85","conditions":[{"fun":"eq","const":"hardware","param":"__conveyor_api_return_type_error__","cast":"string"}],"conv_id":"undefined","extra":{},"extra_type":{},"extra_headers":{}},{"type":"go_if_const","to_node_id":"629f0724d65492001a016e84","conditions":[{"fun":"eq","const":"software","param":"__conveyor_api_return_type_error__","cast":"string"},{"fun":"eq","const":"api_bad_answer","param":"__conveyor_api_return_type_tag__","cast":"string"},{"fun":"eq","const":"no_scheme","param":"__conveyor_api_return_description__","cast":"string"}],"conv_id":"undefined","extra":{},"extra_type":{},"extra_headers":{}},{"type":"go_if_const","to_node_id":"629f0724d65492001a016e85","conditions":[{"fun":"eq","const":"software","param":"__conveyor_api_return_type_error__","cast":"string"},{"fun":"eq","const":"api_bad_answer","param":"__conveyor_api_return_type_tag__","cast":"string"}],"conv_id":"undefined","extra":{},"extra_type":{},"extra_headers":{}},{"type":"go","to_node_id":"629f0724d65492001a016e84","conv_id":"undefined","extra":{},"extra_type":{},"extra_headers":{}}],"semaphors":[]},"title":"","description":"","x":1024,"y":440,"uuid":"0a26976e-2178-40a4-918c-a7306ea0fec1","extra":"{\"modeForm\":\"collapse\",\"icon\":\"\"}","options":"{}"},{"id":"629f09672a03de001b016d19","obj_type":3,"condition":{"logics":[{"type":"go_if_const","to_node_id":"629f09672a03de001b016d17","conditions":[{"fun":"eq","const":"hardware","param":"__conveyor_code_return_type_error__","cast":"string"}]},{"type":"go_if_const","to_node_id":"629f09672a03de001b016d18","conditions":[{"fun":"eq","const":"software","param":"__conveyor_code_return_type_error__","cast":"string"}]},{"type":"go","to_node_id":"629f09672a03de001b016d18"}],"semaphors":[]},"title":"","description":"","x":1036,"y":628,"uuid":"12bc571b-34dd-4a40-a2da-45b83645fd5b","extra":"{\"modeForm\":\"collapse\",\"icon\":\"\"}","options":null},{"id":"629f09672a03de001b016d18","obj_type":2,"condition":{"logics":[],"semaphors":[]},"title":"","description":"","x":1168,"y":656,"uuid":"54cdc711-c5f5-48f7-9190-1039b8d1fe6a","extra":"{\"modeForm\":\"collapse\",\"icon\":\"error\"}","options":null},{"id":"629f09672a03de001b016d17","obj_type":0,"condition":{"logics":[],"semaphors":[{"type":"time","value":30,"dimension":"sec","to_node_id":"629f09672a03de001b016d16"}]},"title":"","description":"","x":1036,"y":532,"uuid":"817e32ea-d7c9-4e95-baa1-6126c20e4b86","extra":"{\"modeForm\":\"collapse\",\"icon\":\"\"}","options":null},{"id":"629f09672a03de001b016d16","obj_type":0,"condition":{"logics":[{"type":"api_code","err_node_id":"629f09672a03de001b016d19","lang":"js","src":"data.i=0;\ndata.array=[];\ndata.j=0;\ndata.amount=0;"},{"type":"go","to_node_id":"629f0955d65492001a016e8e"}],"semaphors":[]},"title":"","description":"","x":784,"y":536,"uuid":"bfe6496a-ede1-4079-ba9a-30da8595a71d","extra":"{\"modeForm\":\"expand\",\"icon\":\"\"}","options":null},{"id":"629f0955d65492001a016e8e","obj_type":0,"condition":{"logics":[{"to_node_id":"629f0a5d2a03de001b016d24","type":"go_if_const","conditions":[{"param":"{{items_total}}","const":"{{i}}","fun":"eq","cast":"number"}]},{"type":"go","to_node_id":"629f098d2a03de001b016d1a"}],"semaphors":[]},"title":"","description":"","x":784,"y":676,"uuid":"c0a02838-838f-4f82-86b8-5449e65bfe46","extra":"{\"modeForm\":\"expand\",\"icon\":\"\"}","options":null},{"id":"629f06c92a03de001b016d0e","obj_type":0,"condition":{"logics":[{"type":"api","err_node_id":"629f06c92a03de001b016d0b","format":"","method":"GET","url":"https://{{url}}/api/clients/{{clientId}}","extra":{},"extra_type":{},"max_threads":5,"debug_info":false,"customize_response":true,"response":{"header":"{{header}}","body":"{{body}}"},"response_type":{"header":"object","body":"object"},"extra_headers":{"Authorization":"Basic {{basicAuthHeader}}","Accept":"application/vnd.mambu.v2+json"},"send_sys":false,"cert_pem":"","content_type":"application/json","is_migrate":true,"conv_id":"undefined"},{"type":"go","to_node_id":"629f0724d65492001a016e86"}],"semaphors":[]},"title":"get-client","description":"","x":784,"y":196,"uuid":"93552105-e56c-44a0-8680-762ac88ad526","extra":"{\"modeForm\":\"expand\",\"icon\":\"\"}","options":"{}"},{"id":"629f0724d65492001a016e85","obj_type":0,"condition":{"logics":[],"semaphors":[{"type":"time","value":30,"dimension":"sec","to_node_id":"629f0724d65492001a016e86","conv_id":"undefined","extra":{},"extra_type":{},"extra_headers":{}}]},"title":"","description":"","x":1024,"y":376,"uuid":"090e4db9-16c7-444d-8c91-a3f8fc6a2aab","extra":"{\"modeForm\":\"collapse\",\"icon\":\"\"}","options":"{}"},{"id":"629f0724d65492001a016e84","obj_type":2,"condition":{"logics":[],"semaphors":[]},"title":"","description":"","x":1148,"y":468,"uuid":"8dbbeaab-c975-4cfb-a7b3-19c3fe302688","extra":"{\"modeForm\":\"collapse\",\"icon\":\"error\"}","options":"{}"},{"id":"629f0657d65492001a016e7f","obj_type":0,"condition":{"logics":[{"type":"api_rpc","err_node_id":"629f0657d65492001a016e82","extra":{"branchId":"00","tenantGroup":"RETAIL"},"extra_type":{"branchId":"string","tenantGroup":"string"},"group":"","conv_id":1251,"obj_to_id":null,"user_id":33},{"type":"go","to_node_id":"629f06c92a03de001b016d0e"}],"semaphors":[]},"title":"","description":"","x":784,"y":20,"uuid":"77dcd4a6-e2a2-4b4e-936e-16837c50188f","extra":"{\"modeForm\":\"expand\",\"icon\":\"\"}","options":null},{"id":"629f0657d65492001a016e80","obj_type":0,"condition":{"logics":[],"semaphors":[{"type":"time","value":30,"dimension":"sec","to_node_id":"629f0657d65492001a016e7f"}]},"title":"","description":"","x":1036,"y":20,"uuid":"bf3b3f22-8de8-4639-a657-be554f6767a9","extra":"{\"modeForm\":\"collapse\",\"icon\":\"\"}","options":null},{"id":"629f0657d65492001a016e81","obj_type":2,"condition":{"logics":[],"semaphors":[]},"title":"","description":"","x":1168,"y":140,"uuid":"28b02ef7-141f-42eb-a472-4f2951a1228f","extra":"{\"modeForm\":\"collapse\",\"icon\":\"error\"}","options":null},{"id":"629f06c92a03de001b016d0b","obj_type":3,"condition":{"logics":[{"type":"go_if_const","to_node_id":"629f06c92a03de001b016d0d","conditions":[{"fun":"eq","const":"hardware","param":"__conveyor_api_return_type_error__","cast":"string"}],"conv_id":"undefined","extra":{},"extra_type":{},"extra_headers":{}},{"type":"go_if_const","to_node_id":"629f06c92a03de001b016d0c","conditions":[{"fun":"eq","const":"software","param":"__conveyor_api_return_type_error__","cast":"string"},{"fun":"eq","const":"api_bad_answer","param":"__conveyor_api_return_type_tag__","cast":"string"},{"fun":"eq","const":"no_scheme","param":"__conveyor_api_return_description__","cast":"string"}],"conv_id":"undefined","extra":{},"extra_type":{},"extra_headers":{}},{"type":"go_if_const","to_node_id":"629f06c92a03de001b016d0d","conditions":[{"fun":"eq","const":"software","param":"__conveyor_api_return_type_error__","cast":"string"},{"fun":"eq","const":"api_bad_answer","param":"__conveyor_api_return_type_tag__","cast":"string"}],"conv_id":"undefined","extra":{},"extra_type":{},"extra_headers":{}},{"type":"go","to_node_id":"629f06c92a03de001b016d0c","conv_id":"undefined","extra":{},"extra_type":{},"extra_headers":{}}],"semaphors":[]},"title":"","description":"","x":1032,"y":260,"uuid":"e3e5723b-e060-46ad-b354-260bfc1aaed2","extra":"{\"modeForm\":\"collapse\",\"icon\":\"\"}","options":"{}"},{"id":"629f06c92a03de001b016d0d","obj_type":0,"condition":{"logics":[],"semaphors":[{"type":"time","value":30,"dimension":"sec","to_node_id":"629f06c92a03de001b016d0e","conv_id":"undefined","extra":{},"extra_type":{},"extra_headers":{}}]},"title":"","description":"","x":1032,"y":196,"uuid":"257382d6-1bc1-4039-bb96-a4059ed16ba0","extra":"{\"modeForm\":\"collapse\",\"icon\":\"\"}","options":"{}"},{"id":"629f06c92a03de001b016d0c","obj_type":2,"condition":{"logics":[],"semaphors":[]},"title":"Final","description":"","x":1172,"y":288,"uuid":"2d6ebc98-ba7a-4f1b-b288-b3aa27eab652","extra":"{\"modeForm\":\"collapse\",\"icon\":\"error\"}","options":null},{"id":"629f05fc2a03de001b016d09","obj_type":1,"condition":{"logics":[{"type":"go","to_node_id":"629f0657d65492001a016e7f"}],"semaphors":[]},"title":"Start","description":"","x":884,"y":-28,"uuid":"4426f75c-8a59-4a10-bd8e-379527759280","extra":"{\"modeForm\":\"collapse\",\"icon\":\"\"}","options":null}],"web_settings":[[],[]]},"uuid":"01a853c2-0048-44a8-a54b-191269adc8f3"}